title,description
"Racist comments at Trump NYC rally, Michelle Obama makes case for Harris",Reactions to insults hurled at Donald Trump's Madison Square Garden rally are still emerging as the former president heads to Georgia to campaign. This comes as Vice President Kamala Harris makes a trip to the battleground state of Michigan after appearing at…
"Watch Live: Donald Trump Holds Rally in Salem, Virginia","Former President Donald Trump speaks to supporters at a rally in Salem, Virginia, on Saturday, November 2.
The post Watch Live: Donald Trump Holds Rally in Salem, Virginia appeared first on Breitbart."
"Whether Harris Or Trump Wins, Social Media Ensures We Remain Divided","The age of the anti-social networks is already in full swing, and the platforms will almost make sure we remain divided."
Donald Trump’s Net Worth Rises $460 Million As Trump Media Shares Surge,Trump Media’s share price has more than doubled since reaching a record low in September.
"Prime Video’s ‘The Boys’ Mocks Trump’s McDonald’s Stint With Homelander, Its Trump-Like Antagonist","The series’ creators have previously compared its antagonist, the narcissistic and dangerously ambitious superhero Homelander, to Trump."
NYT's Nate Cohn: Donald Trump Could Win Popular Vote,"Former President Donald Trump could win the popular vote, the New York Times's Nate Cohn wrote Friday, which would provid the former president with a mandate.
The post NYT’s Nate Cohn: Donald Trump Could Win Popular Vote appeared first on Breitbart."
Harris says ‘of course’ her team is prepared if Trump declares victory before votes are counted,"In an interview with NBC News’ Hallie Jackson on Tuesday, Vice President Kamala Harris said she's preparing for the possibility that former President Donald Trump declares victory before the votes are counted in this next month's election."
Trump Media extends rally to 280% as MSG event spurs meme-stock activity,Shares in the Truth Social parent company jumped as much as 22% on Monday after the former president's rally in Manhattan.
Playing The U.S. Elections - Part 1: Stocks To Pick If You Favor Trump,The U.S. Presidential election is nearing its curtain call. Which stocks are likely to do well if Trump wins?
Truth Social Stock Jumps 20% As Trump’s Betting Odds Rise—Trump Net Worth Up $3.7 Billion This Month,Shares of the social media company are up 200% over the last month.
Trump Says ‘I Don’t Know’ Comedian Who Made Puerto Rico Joke—But Stops Short Of Denouncing It,Trump responded to Hinchcliffe’s widely rebuked remark for the first time in an ABC News story published Tuesday.
"What Harris, Trump are doing in the West right before Election Day",Vice President Kamala Harris and former President Donald Trump are visiting the West just days before the Nov. 5 Election Day. CBS News political reporter Zak Hudak has more on the upcoming campaign moves.
Elon Musk is going 'founder mode' in his bid to get Donald Trump elected,Elon Musk's approach to helping Donald Trump get elected is similar to how the Tesla CEO runs businesses. It's not clear in this case if it'll work.
Arizona 2024 Trump-Harris Polls: Race Virtually Tied In 3 New Surveys,"President Joe Biden narrowly won the battleground state in 2020 over Trump, who sought to overturn election results in the state."
Arizona 2024 Trump-Harris Polls: Trump Up 3 Points In Latest Survey,"President Joe Biden narrowly won the battleground state in 2020 over Trump, who sought to overturn election results in the state."
Trump Primary Challenger Sentenced To Over 15 Years On Tax Charges,"Castro wrote he ""failed to explain to clients that were not in  a position to understand and provide informed consent to such a novel and complex legal interpretation""."
"Trump, Harris make final push 8 days from Election Day","The 2024 presidential candidates entered their last full week of campaigning on Monday, with eight days left until Election Day. CBS News' Fin Gómez, Ed O'Keefe and Major Garrett have the latest."
Cheney slams 'tyrant' Trump for violent rhetoric,"Prominent Republican and vocal Donald Trump critic Liz Cheney called the former president a ""vindictive, cruel"" dictator on Friday after he suggested she would be less of a ""war hawk"" with guns trained on her face.""This is how dictators destroy free nations. …"
"Watch Live: Donald Trump Holds Rally in Gastonia, North Carolina","Former President Donald Trump speaks to supporters at a rally in Gastonia, North Carolina, on Saturday, November 2.
The post Watch Live: Donald Trump Holds Rally in Gastonia, North Carolina appeared first on Breitbart."
"Watch Live: Donald Trump Holds Rally in Lititz, Pennsylvania","Former President Donald Trump speaks to supporters at a rally in Lititz, Pennsylvania, on Sunday, November 3.
The post Watch Live: Donald Trump Holds Rally in Lititz, Pennsylvania appeared first on Breitbart."
"Kamala Harris warns of ""chaos and division"" in a second Trump term","With the Capitol and White House behind her, Vice President Kamala Harris presented a vision for unity, warning against what she describes as a dangerous return to a Trump presidency."
Legendary investor Paul Tudor Jones says he's buying gold and bitcoin pre-election because inflation will rise under both Trump and Harris,"""The playbook to get out of this is that you inflate your way out,"" Jones said about America's ballooning national debt."
"Harris Vs. Trump On The Economy: Americans Split On Who’s Better For Inflation, Jobs And Taxes",This is what polls suggest about Americans' leanings on Harris and Trump as the economy enters a new phase.
How Trump and Harris' health care stances and policy plans compare,A look at Kamala Harris and Donald Trump's stances on health care and what they've said about health care policy going into 2024 presidential election.
Georgia 2024 Trump-Harris Polls: Trump (Barely) Ahead In Most Final Surveys,Biden was the first Democratic presidential candidate to win Georgia since 1992.
Jamie Dimon Not Considering A Job With Harris Or Trump—But Reportedly Backs Harris,Dimon has not publicly endorsed a candidate in the 2024 presidential race.
"Harris chats with Cheney, Trump tours North Carolina Helene damage","Vice President Kamala Harris kicked off a set of appearances with former GOP Rep. Liz Cheney in Pennsylvania, Michigan and Wisconsin to court moderate voters in those key battleground states. Meanwhile, former President Donald Trump is in North Carolina, anot…"
Trump Media Stock (DJT) - A Meme Stock Plummet Can Be Hard To Stop,DJT's 4-day turnaround ends the fun
Trump Campaign Challenges Kamala Harris to Disavow Biden's 'Garbage' Insult,"The Trump-Vance campaign demanded Tuesday evening that Vice President Kamala Harris ""disavow"" President Joe Biden's comment that Trump supporters were ""garbage.""
The post Trump Campaign Challenges Kamala Harris to Disavow Biden’s ‘Garbage’ Insult appeared fir…"
"Harris campaign hits key states, Trump to rally in Wisconsin","Vice President Kamala Harris is campaigning in three key states a day after delivering what her campaign billed as her closing argument in a speech yesterday in Washington D.C. First, the vice president will deliver remarks in Raleigh, North Carolina, in the …"
Trump Vs. Harris On Immigration Deportation Or Path To Citizenship?,Donald Trump pledges to deport all immigrants within the U.S. without legal status. Kamala Harris calls for a Path to Citizenship for them. Who is right?
Melania Trump Makes Rare Appearance At Trump’s Madison Square Garden Rally,Melania Trump has been largely absent from her husband’s campaign trail this election cycle.
Nevada 2024 Trump-Harris Polls: Trump Up By 1 Point In Latest Survey—As Harris Struggles With Latinos,Nevada has voted for Democrats in every presidential election since 2008.
Trump spurs backlash with Cheney guns ‘trained on her face’ remarks,Former President Trump is spurring backlash with his comments about former Rep. Liz Cheney (R-Wyo.) in which he described her having guns “trained on her...
"Bad Bunny endorses Harris, Trump rally sparks controversy","With nine days until Election Day, Puerto Rico has been thrust into the spotlight by both campaigns."
"A look at the state of the Trump, Harris campaigns","With 12 days to go until Election Day, Robert Costa takes a big-picture view of the presidential race and what the Trump and Harris campaigns are prioritizing."
"Exclusive — JD Vance Response to Mark Cuban: ‘Insulting to My Wife,’ Melania Trump, Lara Trump and All Women Supporting Trump","Vice Presidential Candidate JD Vance responded to Mark Cuban's statement on The View that Donald Trump is never around ""strong, intelligent women.""
The post Exclusive — JD Vance Response to Mark Cuban: ‘Insulting to My Wife,’ Melania Trump, Lara Trump and All…"
Harris says Trump 'devalues' women's ability to make their own choices,"In an exclusive interview with NBC News, the vice president criticized Trump's comments about protecting women ""whether the women like it or not."""
North Carolina 2024 Trump-Harris Polls: Trump Up By 2 Points In 2 New Surveys,Polls show Trump and Harris are in a virtual tie for North Carolina’s 16 electoral college votes.
Former GOP Senator John Danforth: ‘Nobody Has Done More Damage To The Country’ Than Trump,"On “Forbes Newsroom,” former Missouri Senator John Danforth claimed that “nobody has done more damage to the country” than the 45th President."
Trump Vs. Harris 2024 Polls: Trump Up In 3 New Surveys—Harris Leads In 2 Others,Most polls indicate a tight race between Donald Trump and Kamala Harris.
Watch: Trump serves up McDonald’s fries and Harris celebrates birthday,The US presidential candidates continued to campaign across key swing states on Sunday.
Trump Takes Questions From Garbage Truck As Campaigns Seize On Each Other’s ‘Garbage’ Remarks,The stunt was done in response to a comment made by President Joe Biden in which he criticized a disparaging comment about Puerto Rico made at Trump’s recent New York rally and appeared to call Trump’s supporters garbage.
"One week out from the election, Jared Kushner and Ivanka Trump still say they're set on moving on from Trumpworld","""We're rooting for him — obviously, we're proud of him. But, you know, either way, our life will just continue to move forward,"" Kushner said of Trump."
Trump and his allies ramp up election fraud allegations in Pennsylvania,Donald Trump and his allies are seizing on routine election processes as signs of fraud in the critical battleground state of Pennsylvania.
"Report: Brace for 'Unrest' if Donald Trump Wins, Democrats Warn","Americans should prepare for ""unrest' if former President Donald Trump completes the greatest political comeback in modern American politics, Democrats told the Wall Street Journal on Monday.
The post Report: Brace for ‘Unrest’ if Donald Trump Wins, Democrats…"
Trump accuses UK's Labour Party of 'foreign interference',"Labour activists volunteering in the US presidential election amounts to illegal ""contributions"", the complaint alleges."
Geraldo Rivera's Scathing Tweet About That Comedian's Racist Comments At The Trump Rally Are Going Super Viral,"""Never thought I would agree with Geraldo Rivera.""View Entire Post ›"
Trump Vs. Harris Fundraising Race: Harris Takes In $222 Million In September—Far Surpassing Trump,Harris' campaign and affiliated groups have already raised $1 billion since she entered the race.
How Trump and Harris' stances and policy plans on marijuana legalization compare,Both Vice President Kamala Harris and former President Donald Trump have offered their views on legalizing weed.
North Carolina 2024 Trump-Harris Polls: Trump Leads By 3 Points In Latest Survey,Polls show Trump and Harris are in a virtual tie for North Carolina’s 16 electoral college votes.
Georgia 2024 Trump-Harris Polls: New Poll Shows Dead Heat—As GOP Aims To Reclaim State,Biden was the first Democratic presidential candidate to win Georgia since 1992.
Why Outlier Poll Showing Harris Winning Iowa Could Spell Trouble For Trump,"Trump trails Harris by three points, after leading her by four in the group’s September survey."
Elon Musk's influence over Trump is being closely watched by Beijing,"Tech billionaire Elon Musk’s influence over former President Donald Trump could be good news for China, where he has extensive business interests."
Biden Embraces Trump Lawfare: 'We Gotta Lock Him Up',"President Joe Biden let the veil slip during a Thursday stop in New Hampshire.
The post Biden Embraces Trump Lawfare: ‘We Gotta Lock Him Up’ appeared first on Breitbart."
"WATCH: Orthodox Jews Rally for Trump, as Obama Claims Trump Is Antisemitic","Orthodox Jews in the ultra-religious enclave of Monsey, New York, rallied on Sunday for former President Donald Trump -- as former President Barack Obama was telling Jewish voters in Wisconsin that Trump is antisemitic.
The post WATCH: Orthodox Jews Rally for…"
Trump Investigated By Arizona AG Over Gun Comments About Liz Cheney,"Trump suggested Cheney, an outspoken critic of his, should have guns “trained on her face” during a Thursday event in Arizona."
Trump: 'I Will Stop the Suffering and Destruction in Lebanon',"Former President Donald Trump pledged Wednesday to ""stop the suffering and destruction in Lebanon"" if elected.
The post Trump: ‘I Will Stop the Suffering and Destruction in Lebanon’ appeared first on Breitbart."
"Watch Live: Donald Trump Holds Rally in Milwaukee, Wisconsin","Former President Donald Trump speaks to supporters at a rally in Milwaukee, Wisconsin, on Friday, November 1.
The post Watch Live: Donald Trump Holds Rally in Milwaukee, Wisconsin appeared first on Breitbart."
Pinkerton: The Deep State vs. Elon Musk - and Donald Trump,"They’re doing to Elon Musk in 2024 what they did to Mike Flynn in 2017.  Now as then, it’s a direct challenge to the rule of law and to democratic procedure.  And yes, Donald Trump, too, is a target, albeit indirectly.
The post Pinkerton: The Deep State vs. E…"
Trump makes vulgar comment about Arnold Palmer at Pennsylvania rally,"With a little over two weeks until Election Day, Former President Donald Trump began his final pitch to voters in Pennsylvania over the weekend with vulgar remarks about golf legend Arnold Palmer's anatomy. Meanwhile, Vice President Kamala Harris is touting a…"
Harris campaigns in Philadelphia as Trump rallies in New York City,"Vice President Kamala Harris hit several stops at she campaigned across Philadelphia on Sunday. Former President Donald Trump, meanwhile, held a rally at Madison Square Garden. Weijia Jiang has more on the campaigns."
John Kelly says Trump told him more than once that Hitler 'did some good things',"Trump's former chief of staff John Kelly confirmed previous reports that Trump told him Hitler ""did some good things,"" The New York Times reported."
Trump campaign distancing itself from comedian's comments at divisive Madison Square Garden rally,"Former President Donald Trump laid out his vision for America Sunday at a rally in New York's Madison Square Garden. The rally featured offensive remarks from surrogates like comedian Tony Hinchcliffe, who called Puerto Rico an ""island of garbage."" The Trump …"
Trump Media Shares Halted Again For Volatile Trading As Price Falls,Shares of the Truth Social parent have surged this month before a recent selloff.
"Harris, Trump making final pitches for president before Election Day",Vice President Kamala Harris and former President Donald Trump are still hitting battleground states to try to sway any remaining undecided voters. CBS News campaign reporter Aaron Navarro has more on the final Harris campaign stops and Olivia Rinaldi breaks …
Harris And Trump’s Biggest Celebrity Endorsements: Nicky Jam—Who Trump Once Called ‘She’—Pulls His Endorsement Over Puerto Rico Controversy,Puerto Rican singer Nicky Jam previously appeared on stage to support Donald Trump.
Why some CEOs are afraid of publicly criticizing Trump,"As it turns out, politics may just be bad for business, and CEOs are likely concerned about alienating customers and employees."
Nolte: Politico Stops Hiding Desire to See Donald Trump Assassinated,"Nolte: Far-left Politico, a blog dedicated to disinformation and lies, is no longer hiding its desire to see former President Donald Trump assassinated.
The post Nolte: Politico Stops Hiding Desire to See Donald Trump Assassinated appeared first on Breitbart."
Trump continues false claims about FEMA response in North Carolina,"Latest news and live updates on the 2024 campaign as Donald Trump heads to North Carolina and Kamala Harris visits Pennsylvania, Wisconsin and Michigan."
Trump facing bipartisan criticism for Madison Square Garden rally,"Former President Donald Trump is coming under bipartisan criticism for Sunday's rally at Madison Square Garden in New York City, which was marked by racist and crude comments. CBS News' Nikole Killion and Ed O'Keefe have the latest on the backlash."
"Trump uses garbage truck to needle Biden, Harris","Former President Donald Trump climbed inside a garbage truck in Wisconsin Wednesday as he continued to bash President Biden for his ""garbage"" comment. Trump told reporters, ""You can't lead America if you don't love Americans."" CBS News campaign reporter Jake …"
"Trump campaigns on immigration issue, Harris gets a Bush endorsement","Former President Donald Trump delivered remarks in Florida where he focused on the impact of illegal immigration and security at the U.S.-Mexico border. Meanwhile, Barbara Pierce Bush, former President George W. Bush's daughter, endorsed Vice President Kamala…"
Arizona 2024 Trump-Harris Polls: Race Virtually Tied In 2 New Surveys,"President Joe Biden narrowly won the battleground state in 2020 over Trump, who sought to overturn election results in the state."
Final push in 2024 election: Trump and Harris neck-and-neck with 8 days to go,"With Election Day eight days away, the CBS News poll shows a close race between former President Donald Trump and Vice President Kamala Harris. Both candidates delivered closing arguments, with Trump holding a rally at Madison Square Garden, and Harris campai…"
Trump Vs. Harris 2024 Polls: Trump Up In New HarrisX/Forbes Survey—Harris Leads In Another,Most polls indicate a tight race between Donald Trump and Kamala Harris.
Will the Harris-Cheney show persuade anti-Trump Republicans?,The Democratic candidate targeted disaffected Republicans in three of the most contested states.
"Trump invokes economy, public safety and 'China virus' during Asian American rally in Vegas","At his first campaign rally targeting the Asian American and Pacific Islander community this election cycle, former President Donald Trump took the stage Thursday evening in Las Vegas with a speech focused on the economy, public safety and immigration to a gr…"
Ros Atkins on… Would Donald Trump accept defeat?,The BBC's analysis editor examines what happened in 2020 and how the Republican might react if he were to lose again.
Pollster Mark Penn: I’d Rather Be Trump Right Now,"Former adviser and pollster for President Clinton Mark Penn said Sunday on FNC's ""Special Report"" that at this point in the election, he would rather be on the side of former President Donald Trump's team.
The post Pollster Mark Penn: I’d Rather Be Trump Righ…"
Trump says he'll fire special counsel Jack Smith if elected,"Former President Donald Trump told a conservative radio host that if elected, he would immediately fire special counsel Jack Smith, who is prosecuting Trump's efforts to overturn the 2020 election and his holding of classified documents."
Pennsylvania Is This Year’s Most Crucial Swing State—Here’s How Harris Or Trump Could Still Win Tomorrow Without It,The winner in Pennsylvania will most likely take the 2024 election—but either candidate could win without the Keystone State.
"Trump Open To RFK Jr.’s Anti-Water Fluoride Proposal, Doesn’t Rule Out Banning Some Vaccines",Kennedy said Trump’s administration would “advise all U.S. water systems to remove fluoride from public water” on his first day in office.
Joe Rogan Says Trump Interview Faced ‘Issue’ With YouTube Search—Here’s What We Know,Rogan’s latest podcast episode interviewing Donald Trump faced technical difficulties early on. But now Rogan says it has a bigger issue.
Donald Trump’s Net Worth Has Doubled In October To $8 Billion As Trump Media Stock Skyrockets,"Trump’s net worth has largely moved in sync with the stock performance from his media company, which is up more than 200% in October."
"Trump-Harris Push To The White House With US Presidential Odds, Polls And Press Updates On Eve Of Election","Final day and hours ahead of Nov. 5 Election Day for U.S. President. Market update with news, polls, odds & information you can bet on between Donald Trump and Kamala Harris."
"And Just Like That, People Are Trolling Donald Trump With Negative Reviews On THAT McDonald's Yelp Page",Welp. I guess y'all won't be wanting fries with that.View Entire Post ›
Bitcoin Approaches All Time High. What Happens If Trump Wins?,A Trump presidency would embed bitcoin more deeply into the financial system. How would that affect its price?
Stacey Williams goes public with her allegations against Donald Trump,"Thirty-one years after Stacey Williams says she was groped by Donald Trump while Jeffrey Epstein watched, the 56-year-old writer, consultant and former Sports Illustrated swimsuit model went public this week with her allegation."
"CBS News poll finds large gender gap between Harris, Trump supporters","New CBS News polling finds a 21-point gender gap in the presidential race, with Vice President Kamala Harris leading with women by 12 points while former President Donald Trump leading with men by 9 points. CBS News executive director of elections and surveys…"
Trump to appear on Joe Rogan's podcast in latest outreach to young male voters,"Former President Donald Trump will sit with Joe Rogan for a taping of his podcast in Austin, Texas, on Friday, according to two sources familiar with the planning."
"Harris taping interviews, Trump holding roundtable and rally","With exactly two weeks until Election Day, Vice President Kamala Harris is in Washington, D.C., for multiple one-on-one interviews with media outlets. Meanwhile, former President Donald Trump is holding events in North Carolina and Florida. CBS News' Nancy Co…"
Former Model Alleges Trump Groped Her During Trump Tower Visit With Jeffrey Epstein,The accusation was made during a Zoom event hosted by a coalition of sexual assault survivors backing Vice President Kamala Harris in the upcoming election.
Nevada 2024 Trump-Harris Polls: New Survey Is Neck-And-Neck—As Harris Struggles With Latinos,Nevada has voted for Democrats in every presidential election since 2008.
"Biden reacts to racist, offensive comments at Trump Madison Square Garden rally","President Biden cast his ballot in Delaware and reacted to offensive and racist comments made at a Donald Trump rally at Madison Square Garden. Mr. Biden called the comments ""embarrassing"" while speaking to reporters, and he also pressed for an Israel-Hamas c…"
Why Eric Trump Likely Isn’t As Rich As His Siblings,"An executive vice president of the Trump Organization, Eric Trump gets most of his fortune from running his dad’s companies rather than equity in the businesses."
Eye Opener: Trump closing statement includes more violent rhetoric and personal grudges,"At a rally in Pennsylvania on Sunday, former President Donald Trump told supporters that he ""shouldn't have left"" office in 2020 and described Democrats as ""demonic."" Also, music legend Quincy Jones has died at 91. All that and all that matters in today's Eye…"
"Latest news on China's efforts to hack Trump, Vance and Harris campaign",Federal officials say China-backed cybercriminals may be behind efforts to hack phones or networks used by former President Donald Trump and running mate JD Vance. The hackers may have also targeted Vice President Kamala Harris' campaign. CBS News' Nicole Sga…
Pennsylvania 2024 Trump-Harris Polls: Harris Up Nearly 2 Points In Latest Survey,Pennsylvania has voted for 10 of the last 12 White House winners.
JD Vance Tells Rogan He Went Into ‘Fight Or Flight’ Mode After Thinking Trump Was Killed In Assassination Attempt,"Vance made the comments on the “Joe Rogan Experience” podcast, days after Trump appeared for an interview."
Nevada 2024 Trump-Harris Polls: Trump Holds Razor-Thin Advantage—As Harris Struggles With Latinos,Nevada has voted for Democrats in every presidential election since 2008.
Donald Trump’s Net Worth Up $400 Million As Trump Media Shares Surge,Trump Media’s share price has more than doubled since reaching a record low in September.
Liberal Icon Naomi Wolf Endorses Trump: 'He's Being More Inclusive',"Liberal icon and feminist author Naomi Wolf endorsed former President Donald Trump, highlighting how he was ""being more inclusive.""
The post Liberal Icon Naomi Wolf Endorses Trump: ‘He’s Being More Inclusive’ appeared first on Breitbart."
Kamala Harris Has More Billionaires Prominently Backing Her Than Trump—Bloomberg Reportedly Gives Another $50 Million To Help Harris (Updated),Michael Bloomberg's reported commitment to Democrats is up to almost $100 million this cycle.
"China-backed hackers targeted Trump, Vance, sources say","Federal authorities believe China-backed cyber criminals attempted to tap into phones or networks used by former President Donald Trump and Sen. JD Vance, multiple sources familiar with the matter confirmed to CBS News. Scott MacFarlane has more."
Will Third-Party Candidates Be 2024 Spoilers? Here’s What To Know—As Trump-Harris Race Nearly Tied.,"The swing states—primed to decide the election in 2024—have third-party candidates on their ballots, which could skew a winning margin in November."
Trump co-defendant Kenneth Chesebro suspended from practicing law in New York,"A state appellate court in New York suspended Kenneth Chesebro, who struck a plea deal with prosecutors pursuing the 2020 election interference case against former President Donald Trump, from practicing law there."
Michigan 2024 Trump-Harris Polls: Harris Leads Narrowly In Latest Survey,Biden flipped Michigan in the 2020 election.
Trump booster quits Washington Post after livestream meltdown,"Hugh Hewitt has quit the Washington Post, but his storming off has nothing to do with the paper's decision to withhold presidential endorsements. In an exclusive report, the New York Post revealed that Hewitt was live on air with colleagues Jonathan Capehart …"
"Treasury Yields Rise To 3-Month High As Concerns Mount About National Debt Under Harris, Trump Policies","Harris and Trump are suggesting tax cuts and federal programs which require major spending “like Mardi Gras beads,” quipped a billionaire investor."
"Trump says he will ""protect women"" whether they ""like it or not""","While campaigning in Green Bay, Wisconsin, on Wednesday, former President Donald Trump told a crowd that ""whether the women like it or not, I'm going to protect them.'"" Vice President Kamala Harris called the remarks ""offensive to women."" Nikole Killion repor…"
Speaker Mike Johnson criticizes Obamacare and promises 'massive reform' if Trump wins,House Speaker Mike Johnson said there will be “massive” changes to health care and Obamacare if Donald Trump and Republicans win the election.
"WATCH: Trump Gets Warm Welcome in Majority-Arab Dearborn, Michigan","Former President Donald Trump became the first major party presidential candidate to visit Dearborn, Michigan, on Friday, venturing into the majority-Arab and predominantly Muslim town, which had once been hostile territory.
The post WATCH: Trump Gets Warm We…"
Key Trump ally Steve Bannon released from prison,"Just a week before Election Day, Steve Bannon, former White House chief strategist in the Trump administration, was released from federal prison after serving four months for contempt of Congress when he refused to cooperate with the House select committee in…"
"Trump talks economy, immigration and unfounded election doubts",Former President Donald Trump mixed messages about the economy and immigration with unfounded doubts about the election in Pennsylvania as his campaign makes its final pitches to voters ahead of Election Day. Trump will rally in North Carolina and Pennsylvani…
"A Fox News Host Seemingly Tried To Defend Trump Allegedly Saying He Wanted ""Generals Like Hitler Had,"" And It's Quite The Statement","""Coming from the business world...obviously [Trump] has frustration.""View Entire Post ›"
Tariffs hurt his business. He's voting for Trump anyway,"Donald Trump's call for sweeping tariffs is resonating, as protectionism gains steam in the US."
‘Couch Potato Voters’ Could Help Trump Defeat Kamala Harris: Top Pollster,"On ""Forbes Newsroom,"" HarrisX Founder and CEO Dritan Nesho discussed a new HarrisX/Forbes Poll showing a statistically tied race for the presidency between vice president Kamala Harris and former president Donald Trump."
"Harris says she thinks Trump is a fascist, Trump supporters brushing off claims from John Kelly","Vice President Kamala Harris told a CNN town hall Wednesday night that she thinks former President Donald Trump is a fascist and that ""the people who know him best on the subject should be trusted."" Harris' comments come after Trump's former chief of staff, J…"
Could John Kelly's Trump warning sway voters?,"Between campaign events, Vice President Kamala Harris and former President Donald Trump are reacting to recent comments from Trump's longest-serving chief of staff, John Kelly. In an interview with The New York Times, Kelly said the former president ""certainl…"
"Trump Vs. Harris 2024 Polls: Tie In Final NYT/Siena Poll, As Race Narrows Weeks Before Election Day",Most polls indicate a tight race between Donald Trump and Kamala Harris.
"Tim Walz: Trump Pandered To, Disrespected McDonald's Workers","Democratic Vice Presidential nominee Gov. Tim Walz (D-MN) said Monday on ABC's ""The View"" that former President Donald Trump pandered and disrespected McDonald's workers with his appearance at a Pennsylvania McDonald's franchise.
The post Tim Walz: Trump Pand…"
How Courts Are Impacting 2024 Election: Pennsylvania County’s Early Voting Extended After Trump Campaign Sues,Courts are responding to lawsuits across the country on how ballots and voter rolls are handled in the weeks before Election Day.
"House panel finds Trump assassination event ""preventable"" in interim report","The House task force investigating the shooting said in the report that there were ""stunning security failures"" leading up to the shooting."
"Harris leans on star power, Trump targets Cheney on Carlson interview","Actress Jeniffer Lopez and Mexican rock band Maná joined Vice President Kamala Harris at a campaign rally in Las Vegas, Nevada, Thursday, the same day former President Donald Trump attacked former Rep. Liz Cheney, a Harris campaign surrogate, during a live in…"
Wisconsin 2024 Trump-Harris Polls: Harris Leads In 5 New Surveys—As Others Show A Near-Tie,"Biden flipped Wisconsin in 2020, but it's expected to be close this year."
"Harris and Beyoncé in Texas, Trump joining Rogan podcast","Vice President Kamala Harris and former President Donald Trump will both be in Texas campaigning Friday. Harris will rally Houston voters with Beyoncé. CBS News' Scott MacFarlane has more on her expected remarks. Also, Trump will be in Austin to discuss immig…"
Nevada 2024 Trump-Harris Polls: Latest Survey Shows A Tie—As Harris Struggles With Latinos,Nevada has voted for Democrats in every presidential election since 2008.
"Harris speech at Ellipse to offer ""a different path"" than Trump","Vice President Kamala Harris will deliver remarks at the same spot Trump inspired his supporters to march to Capitol on Jan. 6, 2021."
Trump Vs. Harris 2024 Polls: Harris Leads In 4 Latest Surveys,Most polls indicate a tight race between Donald Trump and Kamala Harris.
Whoopi Goldberg Calls Out Joe Rogan’s ‘Fake News’ About ‘The View’ Once Loving Trump; 2011 Interview Shows Goldberg Slamming Trump’s ‘B.S.’ to His Face,Whoopi Goldberg put Joe Rogan in his place during an episode of “The View” in which the EGOT winner corrected Rogan’s false claims about one of Trump’s appearances on the ABC daytime talk show. Trump recently guested on Rogan’s Spotify podcast “The Joe Rogan …
"Harris and Trump tied in Pennsylvania with 1 week left, CBS News poll finds",The 2024 presidential race is tied in Pennsylvania one week from Election Day. A new CBS News poll finds that Vice President Kamala Harris and former President Donald Trump have 49% there. CBS News executive director of elections and surveys Anthony Salvanto …
Comedian At Donald Trump Rally Calls Puerto Rico ‘Floating Island Of Garbage’,The Harris campaign criticized Tony Hinchcliffe—who responded that “people have no sense of humor.”
Trump and Harris make final appeals in Georgia as polls show tight race,"As the presidential race tightens, former President Donald Trump and Vice President Kamala Harris campaign in Georgia, where our battleground tracker indicates a narrow lead for Trump. CBS News' Nikole Killion has more from Atlanta."
North Carolina race tightens as Trump holds narrow lead over Harris,"With the battleground tracker showing a slim lead for former President Donald Trump, the race in North Carolina remains too close to call. CBS News' Skyler Henry reports from North Carolina, where voters weigh in on the candidates."
Biden turns tables on Trump: 'Lock him up' — politically,"""Lock her up"" chants that became popular at former President Donald Trump's campaign rallies in 2016 got flipped around Tuesday by President Joe Biden, who told campaign workers in New Hampshire on Tuesday, ""We’ve got to lock him up"" then added after a brief …"
"Poll: Trump Leads in Michigan and Wisconsin, Senate Races Tied","A poll shows Donald Trump leading Kamala Harris in Michigan and Wisconsin with the U.S. Senate races virtually tied.
The post Poll: Trump Leads in Michigan and Wisconsin, Senate Races Tied appeared first on Breitbart."
Significance of Harris' closing argument at park where Trump spoke before Jan. 6 attack,"Vice President Kamala Harris will deliver her closing argument Tuesday night at the same location where former President Donald Trump spoke on Jan. 6, 2021, and told his supporters the 2020 election was stolen. CBS News chief election and campaign corresponde…"
"Republicans are mobilizing expat votes for Trump in Israel, hoping to tip the scale in battleground states",Republicans in Israel are targeting the country's American expat community—the world's fourth-largest—hoping it tips the scale in a close election.
Harris Says Trump Is A Fascist In CNN Town Hall,Harris was speaking about Trump’s reported praise of Hitler and his desire to use the military to go after his political enemies.
Trump Media Shares Halted Repeatedly For Volatile Trading—After Price Spikes And Drops,Shares in the Truth Social parent firm briefly surged before turning negative.
Democrats Target McDonald's for Price Gouging After Trump Served Customers,"Senate Democrats attacked McDonald's on Tuesday for price gouging while it continues to ""grow"" profits and serve the needs of customers. 
The post Democrats Target McDonald’s for Price Gouging After Trump Served Customers  appeared first on Breitbart."
Georgia 2024 Trump-Harris Polls: Trump Has Narrow Lead In New Poll—As GOP Aims To Reclaim State,Biden was the first Democratic presidential candidate to win Georgia since 1992.
"Harris, Trump back on trail after Trump MSG rally overshadowed by offensive remarks",Former President Donald Trump's campaign sought to distance themselves from an offensive joke about Puerto Rico at Madison Square Garden before Trump spoke.
"Kamala Harris reacts to Trump saying he'll protect women ""whether the women like it or not""","Vice President Kamala Harris spoke to reporters in Wisconsin Thursday about former President Donald Trump's comments that he would protect women ""whether the women like it or not."" Harris said the remark speaks to how Trump thinks about women and their agency…"
Singer Joni Mitchell Screams 'F**k Trump' at Hollywood Bowl,"Singer and folk music icon Joni Mitchell took a vulgar swipe at former President Donald Trump at the Hollywood Bowl in Los Angeles.
The post Singer Joni Mitchell Screams ‘F**k Trump’ at Hollywood Bowl appeared first on Breitbart."
'Due to Donald Trump': MSNBC's Mika cries during harrowing interview,"""Morning Joe"" co-host Mika Brzezinski brushed away tears Friday morning as a Georgia mother told how Donald Trump's actions as president pushed her to the brink of death upon the loss of a ""very wanted"" child. Avery Davis Bell appeared on MSNBC Friday morning…"
Inside New Minnesota Poll Showing Kamala Harris With Narrow 3-Point Edge Over Trump,"On ""Forbes Newsroom,"" Ana Radelat, the Washington Correspondent for MinnPost, discussed a new MinnPost-Embold Research poll showing Harris slightly ahead of Trump in MN."
Central Park Five members file defamation lawsuit against Trump,The so-called Central Park Five were exonerated and their convictions tossed out in 2002.
Trump campaign adviser says comedian's jokes were ad-libbed at Madison Square Garden rally,Former President Donald Trump's campaign is still trying to distance itself from the offensive comments and jokes made by comedian Tony Hinchcliffe at Trump's Madison Square Garden rally. CBS News campaign reporter Libby Cathey has more.
Trump Hasn’t Spent A Dime Of His Own Money On His 2024 Campaign,"The campaign and political committees of billionaire presidential candidate Donald Trump have paid his businesses millions for air travel, lodging, catering and more."
Trump holds townhall with Latino voters in Florida,"Former President Trump held a town hall with Latino voters at his Doral golf club in Florida on Tuesday. While he criticized the conditions at the U.S.-Mexico border, his rhetoric toward undocumented immigrants was much less harsh than his usual comments on t…"
Democrats confront a tougher road in New York amid the Harris-Trump race,Former President Donald Trump’s promises that he’ll win New York are more empty bluster than evidence-based prediction.
"Harris and Béyonce in Texas, Trump joining Rogan podcast","Vice President Kamala Harris and former President Donald Trump will both be in Texas campaigning Friday. Harris will rally Houston voters with Beyoncé. CBS News' Scott MacFarlane has more on her expected remarks. Also, Trump will be in Austin to discuss immig…"
"Biden remark about Trump ""garbage"" rally angers GOP","Biden was responding to a joke made at a Trump rally by comedian Tony Hinchcliffe, in which Hinchcliffe called Puerto Rico a ""floating island of garbage."""
'Trump Is Literally Hitler' Post On X Crossed The Line On Satire,"The line between news and satire has blurred so much that the latter has been shared on social media as fact, where it quickly spreads misinformation."
Why was Trump serving fries in McDonald’s?,The BBC's Lily Jamali explains the backstory behind the former president's campaign stunt.
"The data behind where Harris, Trump make campaign stops","With 15 days until Election Day, where candidates go can be crucial to their chances of winning. CBS News executive director of elections and surveys Anthony Salvanto explains why Vice President Kamala Harris and former President Donald Trump are heading to c…"
Tim Walz wins cheers by using Trump phrase against him,"Minnesota Gov. Tim Walz on Thursday threw former President Donald Trump's words back in his face during a campaign stop in Bucks County, Pennsylvania.

While speaking with voters in the crucial Pennsylvania swing county, Walz made a reference to Trump's state…"
"Offensive comments taking off before Trump, Harris race ends","Offensive comments made in the last days before the Nov. 5 election are shadowing a key week for both presidential candidates to sway 2024 undecided voters. Former President Donald Trump's comments about former Rep. Liz Cheney are drawing criticism, while Vic…"
Puerto Rican artist Nicky Jam takes back his Trump endorsement,"Reggaeton artist Nicky Jam on Wednesday revoked his endorsement of Donald Trump, after Tony Hinchcliffe's rally joke calling Puerto Rico ""garbage."""
"Harris campaign pounces on Trump rally "" garbage"" remarks in push for Latino vote",Harris' campaign believes that rhetoric is helping boost Harris with late-breaking battleground voters — by double digits.
Trump pledges to fire special counsel Jack Smith,"In an interview Thursday, former President Donald Trump said that if he wins the election, he plans to immediately fire special counsel Jack Smith, the man who is overseeing two key criminal investigations against Trump, including the 2020 election interferen…"
Pennsylvania 2024 Trump-Harris Polls: Trump Up 1 Point In Latest Survey,Pennsylvania has voted for 10 of the last 12 White House winners.
"Donald Trump Just Shared An Odd Story About Arnold Palmer's Penis Size, And Jon Stewart Had A Surprising Reaction",The Daily Show host argued there's a bigger and more important issue at hand.View Entire Post ›
Hillary Clinton says she’s not worried about Trump retaliation,Former Secretary of State Hillary Clinton said she’s not worried about former President Trump retaliating against her if he wins the 2024 presidential...
"Harris, Trump in Texas with 11 days until Election Day","The presidential candidates are in the Lone Star State on Friday. Vice President Kamala Harris will team up with Beyoncé, while former President Donald Trump will sit down with Joe Rogan. CBS News' Zak Hudak and Fin Gómez have the latest on the state of the 2…"
Trump Media Is Now Worth More Than Elon Musk’s X After Stock Rallies to New Highs,"Trump Media & Technology Group, which operates the Truth Social social-media network, has seen its stock soar in the weeks leading up to the Nov. 5 presidential election — and it is currently worth more than Elon Musk’s X, the social-media company formerly kn…"
Donald Trump Praised by Arab-Americans in Dearborn: 'Look to Trump Presidency with Hope',"Former President Donald Trump was praised by Arab-Americans in Dearborn, Michigan, on Friday, who revealed that they were looking to a ""Trump presidency with hope.""
The post Donald Trump Praised by Arab-Americans in Dearborn: ‘Look to Trump Presidency with Ho…"
NBC Airs Trump Message After FCC Commissioner Flags ‘Equal Time’ Concerns Over Harris SNL Appearance,"On Saturday, FCC Commissioner Brendan Carr criticized Harris’ Saturday Night Live appearance as a “blatant effort” by the network to evade the agency’s “Equal Time rule.”"
Arizona 2024 Trump-Harris Polls: Race Effectively Tied In New Swing State Survey,"President Joe Biden narrowly won the battleground state in 2020 over Trump, who sought to overturn election results in the state."
Watch: Biden says ‘lock Trump up...politically’,The president made the comments during a Democratic Party headquarters visit in New Hampshire on Tuesday.
Sen. Rick Scott denounces anti-Puerto Rico comment at Trump rally,"Derogatory comments directed at Puerto Rico from former President Donald Trump's Madison Square Garden Rally have sparked outrage from both sides of the aisle. Political strategists Chuck Rocha and Bryan Lanza join ""America Decides"" to discuss the fallout."
Trump looks to gain support from Latino voters while campaigning in Southwest,Former President Donald Trump campaigned in Arizona Thursday where he repeated false claims about Democrats in 2020. He also criticized Vice President Kamala Harris on immigration and the economy.
See how Trump and Harris' stances on military support compare,"There are similarities between Trump and Biden on long-term armed forces strategy, but the 2024 election shows stark differences in Harris and Trump's view of the military's role."
The vulnerable GOP congressman convinced that economic interest voters will save him from the Trump and abortion backlash,"In Scottsdale, Rep. David Schweikert hopes an old-school GOP approach can help him hold onto a House district that's increasingly turning blue."
Report: Amish Possible Key Demographic in Trump Winning Pennsylvania,"Amish voters in the upcoming presidential election may be an important demographic in former President Donald Trump winning Pennsylvania.
The post Report: Amish Possible Key Demographic in Trump Winning Pennsylvania appeared first on Breitbart."
Donald Trump Movie ‘The Apprentice’ New On Digital Streaming This Week,“The Apprentice”—a biopic about the rise of Donald Trump as a real estate mogul—is new on digital streaming this week. Find out when and where you can watch it at home.
Harris Retakes Election Odds Lead With Betting Market—As Trump Remains Favorite,Election prediction markets have recently tilted toward Harris as Election Day nears.
Daughter of NFL Legend Endorses Trump: 'I Opened My Eyes',"The daughter of legendary NFL Hall of Famer Jim Brown has endorsed former President Trump, citing his support for the black community during his first term in office.
The post Daughter of NFL Legend Endorses Trump: ‘I Opened My Eyes’ appeared first on Breitba…"
How Badly Will Trump Plan Reduce Your Social Security Benefits?,American are worried about how they can afford to live in retirement. Trump alludes to a Social Security plan  that could reduce by benefits by 1/3.
Pennsylvania Is This Year’s Most Crucial Swing State—Here’s How Harris Or Trump Could Still Win Without It,The winner in Pennsylvania will most likely take the 2024 election—but either candidate could win without the Keystone State.
Trump vs. Harris: Here?s Who?s Raised More In Battleground States | Forbes Topline,"Former President Donald Trump and Vice President Kamala Harris have collectively raised $154 million in the seven biggest battleground states, and while Harris? fundraising has far surpassed Trump?s overall, the ex-president is within striking distance of her…"
Puerto Rican Billionaire Slams ‘Hurtful’ Comments At Trump MSG Rally,"Buyout tycoon José E. Feliciano speaks out against a Trump surrogate’s disparaging remarks about Puerto Rico, and urges his fellow Americans to vote."
Trump argues Smith unlawfully appointed in documents and election cases,Former President Donald Trump urged two separate courts to toss out the cases brought against him by special counsel Jack Smith.
"Election 2024 Swing State Polls: Trump Leads Harris In North Carolina And Arizona, Tie In Georgia (Updated)","While Harris has a slight lead nationally, there's no clear leader in the seven swing states likely to decide the election."
Election 2024 live updates amid tight Harris-Trump polls in final campaign stretch,"Follow live as Vice President Kamala Harris and former President Donald Trump enter the final weekend of the campaign in the 2024 election, as polls remain tight."
Election 2024 live updates as Trump vs. Harris polls show tie just 5 days out,"Former President Donald Trump tried to seize on the ""garbage"" comments at a truck in Wisconsin while Vice President Harris will have a campaign event with J.Lo in Las Vegas."
Trump mass deportation plan could cost billions a year,"Immigration experts say Donald Trump's mass deportation plan, if carried out, could be complicated and cost billions a year. It could also lead to more family separations."
"What Harris, Trump campaigns are zeroing in on ahead of Election Day","Former President Donald Trump and Vice President Kamala Harris are looking to emphasize their key campaign messages in the homestretch of the 2024 election. Both candidates also reacted to President Joe Biden's ""garbage"" comments. CBS News' Libby Cathey, Weij…"
"Election 2024 Swing State Polls: Near-Tie In ‘Blue Wall,’ As Trump Commands Arizona And Harris Leads Nevada (Updated)",There's no clear leader in the seven swing states likely to decide the election.
Trump accuses Britain's ruling Labour Party of election interference,Former President Donald Trump accused Keir Starmer's British Labour Party of illegally assisting Vice President Kamala Harris ahead of the election Nov. 5.
The Polar Opposite Tax Policies Of Harris And Trump,"Harris backs tax cuts for low- and moderate-income households. Trump has proposed big tariffs and tax cuts aimed at specific, but disparate, constituencies."
Trump campaign debuts Halloween-themed billboards,"The Trump campaign will place billboards in Erie, Pennsylvania; near Marquette University in Milwaukee, Wisconsin; and in Las Vegas."
Georgia 2024 Trump-Harris Polls: Harris Leads By 4 In Latest Survey—But Averages Show Trump Ahead,Biden was the first Democratic presidential candidate to win Georgia since 1992.
"Trump repeats false claims of ""rampant cheating"" in 2020 election","Former President Donald Trump made new threats Friday to hold people accountable for what he calls ""rampant cheating"" in the 2020 election. There is no evidence of widespread fraud during 2020, but that isn't stopping Trump and his allies from raising concern…"
CBS News Harris-Trump Poll: All tied up in Pennsylvania,"More voters say they would be better off financially with Trump, but more think Harris has the cognitive health to serve."
"Nolte: Poll Shows Trump +2 Nationally, +8 in Swing States","Trump has never polled better than he is polling right now.
The post Nolte: Poll Shows Trump +2 Nationally, +8 in Swing States appeared first on Breitbart."
Michigan 2024 Trump-Harris Polls: Harris Takes 3-Point Lead In Latest Polls,Biden flipped Michigan in the 2020 election.
"Gay Men Are Dragging J.D. Vance After He Said He Wouldn't Be Surprised If He And Trump Won ""The Normal Gay Guy Vote""","What exactly is a ""normal gay guy vote""?View Entire Post ›"
